"list_id","list_name","list_abbrev","list_educationForm_id","list_educationForm_name","list_facultyId","list_code"
"20002","Автоматизированные системы обработки информации","АСОИ","1","дневная","",""
"20002","Автоматизированные системы обработки информации","АСОИ","","","20005","1-53 01 02"
"20054","Автоматизированные системы обработки информации","АСОИ","3","дистанционная","",""
"20054","Автоматизированные системы обработки информации","АСОИ","","","20034","1-53 01 02"
"20550","Автоматизированные системы обработки информации","АСОИ","3","дистанционная","",""
"20550","Автоматизированные системы обработки информации","АСОИ","","","20005","1-53 01 02"
"20003","Информационные технологии и управление в технических системах","ИТиУвТС","1","дневная","",""
"20003","Информационные технологии и управление в технических системах","ИТиУвТС","","","20005","1-53 01 07"
"20040","Информационные технологии и управление в технических системах","ИТиУвТС","2","заочная","",""
"20040","Информационные технологии и управление в технических системах","ИТиУвТС","","","20034","1-53 01 07"
"20060","Информационные технологии и управление в технических системах","ИТиУвТС","3","дистанционная","",""
"20060","Информационные технологии и управление в технических системах","ИТиУвТС","","","20034","1-53 01 07"
"20067","Информационные технологии и управление в технических системах","ИТиУвТС","4","вечерняя","",""
"20067","Информационные технологии и управление в технических системах","ИТиУвТС","","","20005","1-53 01 07"
"20199","Информационные технологии и управление в технических системах","ИТиУвТС","4","вечерняя","",""
"20199","Информационные технологии и управление в технических системах","ИТиУвТС","","","20033","1-53 01 07"
"20233","Информационные технологии и управление в технических системах","ИТиУвТС","2","заочная","",""
"20233","Информационные технологии и управление в технических системах","ИТиУвТС","","","20033","1-53 01 07"
"20540","Информационные технологии и управление в технических системах","ИТиУвТС","2","заочная","",""
"20540","Информационные технологии и управление в технических системах","ИТиУвТС","","","20005","1-53 01 07"
"20004","Искусственный интеллект","ИИ","1","дневная","",""
"20004","Искусственный интеллект","ИИ","","","20005","1-40 03 01"
"20062","Искусственный интеллект","ИИ","3","дистанционная","",""
"20062","Искусственный интеллект","ИИ","","","20034","1-40 03 01"
"20005","Промышленная электроника","ПЭ","1","дневная","",""
"20005","Промышленная электроника","ПЭ","","","20005","1-36 04 02"
"20230","Промышленная электроника","ПЭ","2","заочная","",""
"20230","Промышленная электроника","ПЭ","","","20033","1-36 04 02"
"20007","Информационные системы и технологии (по направлениям)","ИСиТ(вЭ)","1","дневная","",""
"20007","Информационные системы и технологии (по направлениям)","ИСиТ(вЭ)","","","20012","1-40 05 01"
"20039","Информационные системы и технологии (по направлениям)","ИСиТ(вЭ)","2","заочная","",""
"20039","Информационные системы и технологии (по направлениям)","ИСиТ(вЭ)","","","20034","1-40 05 01"
"20058","Информационные системы и технологии (по направлениям)","ИСиТ(вЭ)","3","дистанционная","",""
"20058","Информационные системы и технологии (по направлениям)","ИСиТ(вЭ)","","","20034","1-40 05 01"
"20208","Информационные системы и технологии (по направлениям)","ИСиТ(вЭ)","2","заочная","",""
"20208","Информационные системы и технологии (по направлениям)","ИСиТ(вЭ)","","","20033","1-40 05 01"
"20556","Информационные системы и технологии (по направлениям)","ИСиТ(вЭ)","3","дистанционная","",""
"20556","Информационные системы и технологии (по направлениям)","ИСиТ(вЭ)","","","20012","1-40 05 01"
"20008","Маркетинг","Маркетинг","1","дневная","",""
"20008","Маркетинг","Маркетинг","","","20012","1-26 02 03"
"20064","Маркетинг","Маркетинг","3","дистанционная","",""
"20064","Маркетинг","Маркетинг","","","20034","1-26 02 03"
"20009","Экономика и организация производства (по направлениям)","ЭиОП","1","дневная","",""
"20009","Экономика и организация производства (по направлениям)","ЭиОП","","","20012","1-27 01 01-11"
"20050","Экономика и организация производства (по направлениям)","ЭиОП","2","заочная","",""
"20050","Экономика и организация производства (по направлениям)","ЭиОП","","","20034","1-27 01 01-11"
"20235","Экономика и организация производства (по направлениям)","ЭиОП","2","заочная","",""
"20235","Экономика и организация производства (по направлениям)","ЭиОП","","","20033","1-27 01 01-11"
"20010","Инженерно-психологическое обеспечение информационных технологий","ИПОИТ","1","дневная","",""
"20010","Инженерно-психологическое обеспечение информационных технологий","ИПОИТ","","","20017","1-58 01 01"
"20038","Инженерно-психологическое обеспечение информационных технологий","ИПОИТ","2","заочная","",""
"20038","Инженерно-психологическое обеспечение информационных технологий","ИПОИТ","","","20034","1-58 01 01"
"20124","Инженерно-психологическое обеспечение информационных технологий","ИПОИТ","3","дистанционная","",""
"20124","Инженерно-психологическое обеспечение информационных технологий","ИПОИТ","","","20034","1-58 01 01"
"20198","Инженерно-психологическое обеспечение информационных технологий","ИПОИТ","4","вечерняя","",""
"20198","Инженерно-психологическое обеспечение информационных технологий","ИПОИТ","","","20033","1-58 01 01"
"20204","Инженерно-психологическое обеспечение информационных технологий","ИПОИТ","2","заочная","",""
"20204","Инженерно-психологическое обеспечение информационных технологий","ИПОИТ","","","20033","1-58 01 01"
"20551","Инженерно-психологическое обеспечение информационных технологий","ИПОИТ","3","дистанционная","",""
"20551","Инженерно-психологическое обеспечение информационных технологий","ИПОИТ","","","20017","1-58 01 01"
"20011","Информационные системы и технологии (по направлениям)","ИСиТ(в ОПБ)","1","дневная","",""
"20011","Информационные системы и технологии (по направлениям)","ИСиТ(в ОПБ)","","","20017","1-40 05 01"
"20258","Информационные системы и технологии (по направлениям)","ИСиТ(в ОПБ)","3","дистанционная","",""
"20258","Информационные системы и технологии (по направлениям)","ИСиТ(в ОПБ)","","","20034","1-40 05 01"
"20364","Информационные системы и технологии (по направлениям)","ИСиТ(в ОПБ)","4","вечерняя","",""
"20364","Информационные системы и технологии (по направлениям)","ИСиТ(в ОПБ)","","","20033","1-40 05 01"
"20557","Информационные системы и технологии (по направлениям)","ИСиТ(в ОПБ)","3","дистанционная","",""
"20557","Информационные системы и технологии (по направлениям)","ИСиТ(в ОПБ)","","","20017","1-40 05 01"
"20012","Медицинская электроника","МдЭ","1","дневная","",""
"20012","Медицинская электроника","МдЭ","","","20017","1-39 02 03"
"20041","Медицинская электроника","МдЭ","2","заочная","",""
"20041","Медицинская электроника","МдЭ","","","20034","1-39 02 03"
"20013","Моделирование и компьютерное проектирование радиоэлектронных средств","МиКПРЭС","1","дневная","",""
"20013","Моделирование и компьютерное проектирование радиоэлектронных средств","МиКПРЭС","","","20017","1-39 02 01"
"20044","Моделирование и компьютерное проектирование радиоэлектронных средств","МиКПРЭС","2","заочная","",""
"20044","Моделирование и компьютерное проектирование радиоэлектронных средств","МиКПРЭС","","","20034","1-39 02 01"
"20239","Моделирование и компьютерное проектирование радиоэлектронных средств","МиКПРЭС","2","заочная","",""
"20239","Моделирование и компьютерное проектирование радиоэлектронных средств","МиКПРЭС","","","20033","1-39 02 01"
"20014","Проектирование и производство радиоэлектронных средств","ПиПРЭС","1","дневная","",""
"20014","Проектирование и производство радиоэлектронных средств","ПиПРЭС","","","20017","1-39 02 02"
"20045","Проектирование и производство радиоэлектронных средств","ПиПРЭС","2","заочная","",""
"20045","Проектирование и производство радиоэлектронных средств","ПиПРЭС","","","20034","1-39 02 02"
"20015","Техническое обеспечение безопасности","ТОБ","1","дневная","",""
"20015","Техническое обеспечение безопасности","ТОБ","","","20017","1-38 02 03"
"20049","Техническое обеспечение безопасности","ТОБ","2","заочная","",""
"20049","Техническое обеспечение безопасности","ТОБ","","","20034","1-38 02 03"
"20237","Техническое обеспечение безопасности","ТОБ","2","заочная","",""
"20237","Техническое обеспечение безопасности","ТОБ","","","20033","1-38 02 03"
"20016","Электронно-оптические системы и технологии","ЭОСиТ","1","дневная","",""
"20016","Электронно-оптические системы и технологии","ЭОСиТ","","","20017","1-36 04 01"
"20017","Электронные вычислительные средства","ЭВС","1","дневная","",""
"20017","Электронные вычислительные средства","ЭВС","","","20017","1-40 02 02"
"20051","Электронные вычислительные средства","ЭВС","2","заочная","",""
"20051","Электронные вычислительные средства","ЭВС","","","20034","1-40 02 02"
"20147","Электронные вычислительные средства","ЭВС","1","дневная","",""
"20147","Электронные вычислительные средства","ЭВС","","","20026","1-40 02 02"
"20018","Электронные системы безопасности","ЭСБ","1","дневная","",""
"20018","Электронные системы безопасности","ЭСБ","","","20017","1-39 03 01"
"20052","Электронные системы безопасности","ЭСБ","2","заочная","",""
"20052","Электронные системы безопасности","ЭСБ","","","20034","1-39 03 01"
"20231","Электронные системы безопасности","ЭСБ","2","заочная","",""
"20231","Электронные системы безопасности","ЭСБ","","","20033","1-39 03 01"
"20541","Электронные системы безопасности","ЭСБ","2","заочная","",""
"20541","Электронные системы безопасности","ЭСБ","","","20017","1-39 03 01"
"20019","Вычислительные машины, системы и сети","ВМСиС","1","дневная","",""
"20019","Вычислительные машины, системы и сети","ВМСиС","","","20026","1-40 02 01"
"20037","Вычислительные машины, системы и сети","ВМСиС","2","заочная","",""
"20037","Вычислительные машины, системы и сети","ВМСиС","","","20034","1-40 02 01"
"20068","Вычислительные машины, системы и сети","ВМСиС","4","вечерняя","",""
"20068","Вычислительные машины, системы и сети","ВМСиС","","","20026","1-40 02 01"
"20197","Вычислительные машины, системы и сети","ВМСиС","4","вечерняя","",""
"20197","Вычислительные машины, системы и сети","ВМСиС","","","20033","1-40 02 01"
"20259","Вычислительные машины, системы и сети","ВМСиС","1","дневная","",""
"20259","Вычислительные машины, системы и сети","ВМСиС","","","20000","1-40 02 01"
"20539","Вычислительные машины, системы и сети","ВМСиС","2","заочная","",""
"20539","Вычислительные машины, системы и сети","ВМСиС","","","20026","1-40 02 01"
"20020","Информатика","Инф","1","дневная","",""
"20020","Информатика","Инф","","","20026","1-31 03 04"
"20055","Информатика","Инф","3","дистанционная","",""
"20055","Информатика","Инф","","","20034","1-31 03 04"
"20021","Информатика и технологии программирования","ИиТП","1","дневная","",""
"20021","Информатика и технологии программирования","ИиТП","","","20026","1-40 04 01"
"20059","Информатика и технологии программирования","ИиТП","3","дистанционная","",""
"20059","Информатика и технологии программирования","ИиТП","","","20034","1-40 04 01"
"20552","Информатика и технологии программирования","ИиТП","3","дистанционная","",""
"20552","Информатика и технологии программирования","ИиТП","","","20026","1-40 04 01"
"20022","Программное обеспечение информационных технологий","ПОИТ","1","дневная","",""
"20022","Программное обеспечение информационных технологий","ПОИТ","","","20026","1-40 01 01"
"20065","Программное обеспечение информационных технологий","ПОИТ","3","дистанционная","",""
"20065","Программное обеспечение информационных технологий","ПОИТ","","","20034","1-40 01 01"
"20207","Программное обеспечение информационных технологий","ПОИТ","4","вечерняя","",""
"20207","Программное обеспечение информационных технологий","ПОИТ","","","20033","1-40 01 01"
"20209","Программное обеспечение информационных технологий","ПОИТ","2","заочная","",""
"20209","Программное обеспечение информационных технологий","ПОИТ","","","20033","1-40 01 01"
"20561","Программное обеспечение информационных технологий","ПОИТ","3","дистанционная","",""
"20561","Программное обеспечение информационных технологий","ПОИТ","","","20026","1-40 01 01"
"20023","Квантовые информационные системы","КИС","1","дневная","",""
"20023","Квантовые информационные системы","КИС","","","20035","1-41 01 03"
"20024","Микро- и наноэлектронные технологии и системы","МНЭТиС","1","дневная","",""
"20024","Микро- и наноэлектронные технологии и системы","МНЭТиС","","","20035","1-41 01 02"
"20042","Микро- и наноэлектронные технологии и системы","МНЭТиС","2","заочная","",""
"20042","Микро- и наноэлектронные технологии и системы","МНЭТиС","","","20034","1-41 01 02"
"20025","Нанотехнологии и наноматериалы в электронике","ННвЭ","1","дневная","",""
"20025","Нанотехнологии и наноматериалы в электронике","ННвЭ","","","20035","1-41 01 04"
"20026","Радиоинформатика","РИ","1","дневная","",""
"20026","Радиоинформатика","РИ","","","20035","1-39 01 03"
"20027","Радиотехника (по направлениям)","РТ","1","дневная","",""
"20027","Радиотехника (по направлениям)","РТ","","","20035","1-39 01 01"
"20130","Радиотехника (по направлениям)","РТ","1","дневная","",""
"20130","Радиотехника (по направлениям)","РТ","","","20000","1-39 01 01"
"20028","Радиоэлектронная защита информации","РЭЗИ","1","дневная","",""
"20028","Радиоэлектронная защита информации","РЭЗИ","","","20035","1-39 01 04"
"20001","Радиоэлектронные системы","РЭС","1","дневная","",""
"20001","Радиоэлектронные системы","РЭС","","","20000","1-39 01 02"
"20029","Радиоэлектронные системы","РЭС","1","дневная","",""
"20029","Радиоэлектронные системы","РЭС","","","20035","1-39 01 02"
"20030","Защита информации в телекоммуникациях","ЗИвТК","1","дневная","",""
"20030","Защита информации в телекоммуникациях","ЗИвТК","","","20040","1-98 01 02"
"20031","Лазерные информационно-измерительные системы","ЛИИС","1","дневная","",""
"20031","Лазерные информационно-измерительные системы","ЛИИС","","","20040","1-45 01 06"
"20032","Метрологическое обеспечение информационных систем и сетей","МОИСиС","1","дневная","",""
"20032","Метрологическое обеспечение информационных систем и сетей","МОИСиС","","","20040","1-54 01 04"
"20000","Многоканальные системы телекоммуникаций","МСТК","1","дневная","",""
"20000","Многоканальные системы телекоммуникаций","МСТК","","","20000","1-45 01 01"
"20033","Многоканальные системы телекоммуникаций","МСТК","1","дневная","",""
"20033","Многоканальные системы телекоммуникаций","МСТК","","","20040","1-45 01 01"
"20043","Многоканальные системы телекоммуникаций","МСТК","2","заочная","",""
"20043","Многоканальные системы телекоммуникаций","МСТК","","","20034","1-45 01 01"
"20034","Сети телекоммуникаций","СТК","1","дневная","",""
"20034","Сети телекоммуникаций","СТК","","","20040","1-45 01 03"
"20047","Сети телекоммуникаций","СТК","2","заочная","",""
"20047","Сети телекоммуникаций","СТК","","","20034","1-45 01 03"
"20035","Системы радиосвязи, радиовещания и телевидения","СРРиТ","1","дневная","",""
"20035","Системы радиосвязи, радиовещания и телевидения","СРРиТ","","","20040","1-45 01 02"
"20048","Системы радиосвязи, радиовещания и телевидения","СРРиТ","2","заочная","",""
"20048","Системы радиосвязи, радиовещания и телевидения","СРРиТ","","","20034","1-45 01 02"
"20242","Системы радиосвязи, радиовещания и телевидения","СРРиТ","2","заочная","",""
"20242","Системы радиосвязи, радиовещания и телевидения","СРРиТ","","","20033","1-45 01 02"
"20036","Системы распределения мультимедийной информации","СРМИ","1","дневная","",""
"20036","Системы распределения мультимедийной информации","СРМИ","","","20040","1-45 01 05"
"20046","Радиотехника (по направлениям)","РТ(УиС)","2","заочная","",""
"20046","Радиотехника (по направлениям)","РТ(УиС)","","","20034","1-39 01 01"
"20225","Радиотехника (по направлениям)","РТ(УиС)","1","дневная","",""
"20225","Радиотехника (по направлениям)","РТ(УиС)","","","20035","1-39 01 01"
"20583","Радиотехника (по направлениям)","РТ(УиС)","2","заочная","",""
"20583","Радиотехника (по направлениям)","РТ(УиС)","","","20035","1-39 01 01"
"20070","Информационные системы и технологии (по направлениям)","ИСиТ(вЛ)","1","дневная","",""
"20070","Информационные системы и технологии (по направлениям)","ИСиТ(вЛ)","","","20012","1-40 05 01"
"20071","Экономика электронного бизнеса","ЭЭБ","1","дневная","",""
"20071","Экономика электронного бизнеса","ЭЭБ","","","20012","1-28 01 01"
"20117","Экономика электронного бизнеса","ЭЭБ","2","заочная","",""
"20117","Экономика электронного бизнеса","ЭЭБ","","","20034","1-28 01 01"
"20232","Экономика электронного бизнеса","ЭЭБ","2","заочная","",""
"20232","Экономика электронного бизнеса","ЭЭБ","","","20033","1-28 01 01"
"20249","Экономика электронного бизнеса","ЭЭБ","3","дистанционная","",""
"20249","Экономика электронного бизнеса","ЭЭБ","","","20034","1-28 01 01"
"20563","Экономика электронного бизнеса","ЭЭБ","3","дистанционная","",""
"20563","Экономика электронного бизнеса","ЭЭБ","","","20012","1-28 01 01"
"20072","Электронный маркетинг","ЭМ","1","дневная","",""
"20072","Электронный маркетинг","ЭМ","","","20012","1-28 01 02"
"20122","Электронный маркетинг","ЭМ","3","дистанционная","",""
"20122","Электронный маркетинг","ЭМ","","","20034","1-28 01 02"
"20565","Электронный маркетинг","ЭМ","3","дистанционная","",""
"20565","Электронный маркетинг","ЭМ","","","20012","1-28 01 02"
"20082","Программируемые мобильные системы","ПМС","1","дневная","",""
"20082","Программируемые мобильные системы","ПМС","","","20017","1-39 03 02"
"20143","Программируемые мобильные системы","ПМС","3","дистанционная","",""
"20143","Программируемые мобильные системы","ПМС","","","20034","1-39 03 02"
"20229","Программируемые мобильные системы","ПМС","2","заочная","",""
"20229","Программируемые мобильные системы","ПМС","","","20033","1-39 03 02"
"20559","Программируемые мобильные системы","ПМС","3","дистанционная","",""
"20559","Программируемые мобильные системы","ПМС","","","20017","1-39 03 02"
"20581","Программируемые мобильные системы","ПМС","2","заочная","",""
"20581","Программируемые мобильные системы","ПМС","","","20017","1-39 03 02"
"20094","Радиотехника (по направлениям)","РТ(ПРЭС)","1","дневная","",""
"20094","Радиотехника (по направлениям)","РТ(ПРЭС)","","","20035","1-39 01 01"
"20116","Радиотехника (по направлениям)","РТ(ПРЭС)","2","заочная","",""
"20116","Радиотехника (по направлениям)","РТ(ПРЭС)","","","20034","1-39 01 01"
"20544","Радиотехника (по направлениям)","РТ(ПРЭС)","2","заочная","",""
"20544","Радиотехника (по направлениям)","РТ(ПРЭС)","","","20035","1-39 01 01"
"20095","Электронные и информационно-управляющие системы физических установок","ЭиИУС","1","дневная","",""
"20095","Электронные и информационно-управляющие системы физических установок","ЭиИУС","","","20035","1-39 03 03"
"20096","Радиотехника (по направлениям)","РТ(ТЦР)","1","дневная","",""
"20096","Радиотехника (по направлениям)","РТ(ТЦР)","","","20035","1-39 01 01"
"20099","Инфокоммуникационные технологии (по направлениям)","ИКТ(ЛИИС)","1","дневная","",""
"20099","Инфокоммуникационные технологии (по направлениям)","ИКТ(ЛИИС)","","","20040","1-45 01 01"
"20100","Инфокоммуникационные системы (по направлениям)","ИКС(ССКП)","1","дневная","",""
"20100","Инфокоммуникационные системы (по направлениям)","ИКС(ССКП)","","","20040","1-45 01 02"
"20490","Инфокоммуникационные системы (по направлениям)","ИКС(ССКП)","1","дневная","",""
"20490","Инфокоммуникационные системы (по направлениям)","ИКС(ССКП)","","","20000","1-45 01 02"
"20101","Инфокоммуникационные технологии (по направлениям)","ИКТ(СРМИ)","1","дневная","",""
"20101","Инфокоммуникационные технологии (по направлениям)","ИКТ(СРМИ)","","","20040","1-45 01 01"
"20104","Инфокоммуникационные технологии (по направлениям)","ИКТ(СИ)","1","дневная","",""
"20104","Инфокоммуникационные технологии (по направлениям)","ИКТ(СИ)","","","20040","1-45 01 01"
"20107","Инфокоммуникационные технологии (по направлениям)","ИКТ(СИ)","2","заочная","",""
"20107","Инфокоммуникационные технологии (по направлениям)","ИКТ(СИ)","","","20034","1-45 01 01"
"20542","Инфокоммуникационные технологии (по направлениям)","ИКТ(СИ)","2","заочная","",""
"20542","Инфокоммуникационные технологии (по направлениям)","ИКТ(СИ)","","","20040","1-45 01 01"
"20582","Инфокоммуникационные технологии (по направлениям)","ИКТ(СИ)","2","заочная","",""
"20582","Инфокоммуникационные технологии (по направлениям)","ИКТ(СИ)","","","20005","1-45 01 01"
"20103","Инфокоммуникационные технологии (по направлениям)","ИКТ(СТК)","1","дневная","",""
"20103","Инфокоммуникационные технологии (по направлениям)","ИКТ(СТК)","","","20040","1-45 01 01"
"20108","Инфокоммуникационные технологии (по направлениям)","ИКТ(СТК)","2","заочная","",""
"20108","Инфокоммуникационные технологии (по направлениям)","ИКТ(СТК)","","","20034","1-45 01 01"
"20543","Инфокоммуникационные технологии (по направлениям)","ИКТ(СТК)","2","заочная","",""
"20543","Инфокоммуникационные технологии (по направлениям)","ИКТ(СТК)","","","20040","1-45 01 01"
"20102","Инфокоммуникационные технологии (по направлениям)","ИКТ(ЦТРВ)","1","дневная","",""
"20102","Инфокоммуникационные технологии (по направлениям)","ИКТ(ЦТРВ)","","","20040","1-45 01 01"
"20109","Инфокоммуникационные технологии (по направлениям)","ИКТ(ЦТРВ)","2","заочная","",""
"20109","Инфокоммуникационные технологии (по направлениям)","ИКТ(ЦТРВ)","","","20034","1-45 01 01"
"20236","Инфокоммуникационные технологии (по направлениям)","ИКТ(ЦТРВ)","2","заочная","",""
"20236","Инфокоммуникационные технологии (по направлениям)","ИКТ(ЦТРВ)","","","20033","1-45 01 01"
"20129","Инфокоммуникационные технологии (по направлениям)","ИКТ(СТСН)","1","дневная","",""
"20129","Инфокоммуникационные технологии (по направлениям)","ИКТ(СТСН)","","","20000","1-45 01 01"
"20413","Радиотехника (по направлениям)","РТ(ССРЛиРН)","1","дневная","",""
"20413","Радиотехника (по направлениям)","РТ(ССРЛиРН)","","","20000","1-39 01 01"
"20131","Инфокоммуникационные технологии (по направлениям)","ИКТ(СИ) (иностр.)","1","дневная","",""
"20131","Инфокоммуникационные технологии (по направлениям)","ИКТ(СИ) (иностр.)","","","20040","1-45 01 01"
"20132","Защита информации в телекоммуникациях","ЗИвТК (иностр.)","1","дневная","",""
"20132","Защита информации в телекоммуникациях","ЗИвТК (иностр.)","","","20040","1-98 01 02"
"20133","Сети телекоммуникаций","СТК (иностр.)","1","дневная","",""
"20133","Сети телекоммуникаций","СТК (иностр.)","","","20040","1-45 01 03"
"20136","Автоматизированные системы обработки информации","АСОИ (иностр.)","1","дневная","",""
"20136","Автоматизированные системы обработки информации","АСОИ (иностр.)","","","20005","1-53 01 02"
"20547","Автоматизированные системы обработки информации","АСОИ (иностр.)","3","дистанционная","",""
"20547","Автоматизированные системы обработки информации","АСОИ (иностр.)","","","20034","1-53 01 02"
"20553","Автоматизированные системы обработки информации","АСОИ (иностр.)","3","дистанционная","",""
"20553","Автоматизированные системы обработки информации","АСОИ (иностр.)","","","20005","1-53 01 02"
"20138","Информационные системы и технологии (по направлениям)","ИСиТ(БМ)","1","дневная","",""
"20138","Информационные системы и технологии (по направлениям)","ИСиТ(БМ)","","","20017","1-40 05 01"
"20142","Информационные системы и технологии (по направлениям)","ИСиТ(БМ)","3","дистанционная","",""
"20142","Информационные системы и технологии (по направлениям)","ИСиТ(БМ)","","","20034","1-40 05 01"
"20359","Информационные системы и технологии (по направлениям)","ИСиТ(БМ)","2","заочная","",""
"20359","Информационные системы и технологии (по направлениям)","ИСиТ(БМ)","","","20033","1-40 05 01"
"20555","Информационные системы и технологии (по направлениям)","ИСиТ(БМ)","3","дистанционная","",""
"20555","Информационные системы и технологии (по направлениям)","ИСиТ(БМ)","","","20017","1-40 05 01"
"20580","Информационные системы и технологии (по направлениям)","ИСиТ(БМ)","2","заочная","",""
"20580","Информационные системы и технологии (по направлениям)","ИСиТ(БМ)","","","20017","1-40 05 01"
"20139","Проектирование и производство программно-управляемых электронных средств","ПиППУЭС","1","дневная","",""
"20139","Проектирование и производство программно-управляемых электронных средств","ПиППУЭС","","","20017","1-39 02 02"
"20141","Проектирование и производство программно-управляемых электронных средств","ПиППУЭС","2","заочная","",""
"20141","Проектирование и производство программно-управляемых электронных средств","ПиППУЭС","","","20034","1-39 02 02"
"20423","Проектирование и производство программно-управляемых электронных средств","ПиППУЭС","2","заочная","",""
"20423","Проектирование и производство программно-управляемых электронных средств","ПиППУЭС","","","20017","1-39 02 02"
"20424","Проектирование и производство программно-управляемых электронных средств","ПиППУЭС","3","дистанционная","",""
"20424","Проектирование и производство программно-управляемых электронных средств","ПиППУЭС","","","20017","1-39 02 02"
"20425","Проектирование и производство программно-управляемых электронных средств","ПиППУЭС","4","вечерняя","",""
"20425","Проектирование и производство программно-управляемых электронных средств","ПиППУЭС","","","20017","1-39 02 02"
"20140","Программно-управляемые электронно-оптические системы","ПУЭОС","1","дневная","",""
"20140","Программно-управляемые электронно-оптические системы","ПУЭОС","","","20017","1-36 04 01"
"20148","Психология труда, инженерная психология, эргономика","ПТИПЭ","1","дневная","",""
"20148","Психология труда, инженерная психология, эргономика","ПТИПЭ","","","20017","1-23 80 08"
"20365","Психология труда, инженерная психология, эргономика","ПТИПЭ","2","заочная","",""
"20365","Психология труда, инженерная психология, эргономика","ПТИПЭ","","","20017","1-23 80 08"
"20366","Экономика и управление народным хозяйством","ЭиУНХ","1","дневная","",""
"20366","Экономика и управление народным хозяйством","ЭиУНХ","","","20012","1-25 80 04"
"20390","Экономика и управление народным хозяйством","ЭиУНХ","2","заочная","",""
"20390","Экономика и управление народным хозяйством","ЭиУНХ","","","20012","1-25 80 04"
"20146","Математические и инструментальные методы экономики","МиИМЭ","1","дневная","",""
"20146","Математические и инструментальные методы экономики","МиИМЭ","","","20012","1-25 80 08"
"20152","Математические и инструментальные методы экономики","МиИМЭ","2","заочная","",""
"20152","Математические и инструментальные методы экономики","МиИМЭ","","","20012","1-25 80 08"
"20153","Экономика и организация производства","ЭиОП","2","заочная","",""
"20153","Экономика и организация производства","ЭиОП","","","20012","1-27 80 01"
"20222","Экономика и организация производства","ЭиОП","1","дневная","",""
"20222","Экономика и организация производства","ЭиОП","","","20012","1-27 80 01"
"20154","Теоретические основы информатики","ТОИ","1","дневная","",""
"20154","Теоретические основы информатики","ТОИ","","","20005","1-31 80 10"
"20155","Теоретические основы информатики","ТОИ","2","заочная","",""
"20155","Теоретические основы информатики","ТОИ","","","20005","1-31 80 10"
"20156","Геоэкология","Геоэкология","2","заочная","",""
"20156","Геоэкология","Геоэкология","","","20054","1-33 80 02"
"20219","Геоэкология","Геоэкология","1","дневная","",""
"20219","Геоэкология","Геоэкология","","","20054","1-33 80 02"
"20157","Приборостроение, метрология и информационно-измерительные приборы и системы","ПМиИИПиС","2","заочная","",""
"20157","Приборостроение, метрология и информационно-измерительные приборы и системы","ПМиИИПиС","","","20040","1-38 80 01"
"20221","Приборостроение, метрология и информационно-измерительные приборы и системы","ПМиИИПиС","1","дневная","",""
"20221","Приборостроение, метрология и информационно-измерительные приборы и системы","ПМиИИПиС","","","20040","1-38 80 01"
"20158","Приборы, системы и изделия медицинского назначения","ПСиИМН","1","дневная","",""
"20158","Приборы, системы и изделия медицинского назначения","ПСиИМН","","","20017","1-38 80 03"
"20159","Приборы, системы и изделия медицинского назначения","ПСиИМН","2","заочная","",""
"20159","Приборы, системы и изделия медицинского назначения","ПСиИМН","","","20017","1-38 80 03"
"20160","Технология приборостроения","ТП","1","дневная","",""
"20160","Технология приборостроения","ТП","","","20017","1-38 80 04"
"20186","Технология приборостроения","ТП","2","заочная","",""
"20186","Технология приборостроения","ТП","","","20017","1-38 80 04"
"20162","Приборы и методы преобразования изображений и звука","ПиМПИиЗ","2","заочная","",""
"20162","Приборы и методы преобразования изображений и звука","ПиМПИиЗ","","","20054","1-38 80 05"
"20218","Приборы и методы преобразования изображений и звука","ПиМПИиЗ","1","дневная","",""
"20218","Приборы и методы преобразования изображений и звука","ПиМПИиЗ","","","20054","1-38 80 05"
"20380","Компьютерные технологии проектирования электронных систем","КТПЭС","1","дневная","",""
"20380","Компьютерные технологии проектирования электронных систем","КТПЭС","","","20017","1-39 81 01"
"20404","Компьютерные технологии проектирования электронных систем","КТПЭС","2","заочная","",""
"20404","Компьютерные технологии проектирования электронных систем","КТПЭС","","","20017","1-39 81 01"
"20381","Информационные радиотехнологии","ИР","1","дневная","",""
"20381","Информационные радиотехнологии","ИР","","","20035","1-39 81 03"
"20405","Информационные радиотехнологии","ИР","2","заочная","",""
"20405","Информационные радиотехнологии","ИР","","","20035","1-39 81 03"
"20169","Элементы и устройства вычислительной техники и систем управления","ЭиУВТиСУ","1","дневная","",""
"20169","Элементы и устройства вычислительной техники и систем управления","ЭиУВТиСУ","","","20026","1-40 80 01"
"20228","Элементы и устройства вычислительной техники и систем управления","ЭиУВТиСУ","2","заочная","",""
"20228","Элементы и устройства вычислительной техники и систем управления","ЭиУВТиСУ","","","20026","1-40 80 01"
"20170","Системный анализ, управление и обработка информации (по отраслям)","САУиОИ (СУИ)","2","заочная","",""
"20170","Системный анализ, управление и обработка информации (по отраслям)","САУиОИ (СУИ)","","","20005","1-40 80 02"
"20220","Системный анализ, управление и обработка информации (по отраслям)","САУиОИ (СУИ)","1","дневная","",""
"20220","Системный анализ, управление и обработка информации (по отраслям)","САУиОИ (СУИ)","","","20005","1-40 80 02"
"20367","Вычислительные машины и системы","ВМиС","1","дневная","",""
"20367","Вычислительные машины и системы","ВМиС","","","20026","1-40 80 03"
"20391","Вычислительные машины и системы","ВМиС","2","заочная","",""
"20391","Вычислительные машины и системы","ВМиС","","","20026","1-40 80 03"
"20368","Математическое моделирование, численные методы и комплексы программ","ММЧМиКП","1","дневная","",""
"20368","Математическое моделирование, численные методы и комплексы программ","ММЧМиКП","","","20026","1-40 80 04"
"20392","Математическое моделирование, численные методы и комплексы программ","ММЧМиКП","2","заочная","",""
"20392","Математическое моделирование, численные методы и комплексы программ","ММЧМиКП","","","20026","1-40 80 04"
"20369","Математическое и программное обеспечение вычислительных машин, комплексов и компьютерных сетей","МиПОВМКиКС","1","дневная","",""
"20369","Математическое и программное обеспечение вычислительных машин, комплексов и компьютерных сетей","МиПОВМКиКС","","","20026","1-40 80 05"
"20393","Математическое и программное обеспечение вычислительных машин, комплексов и компьютерных сетей","МиПОВМКиКС","2","заочная","",""
"20393","Математическое и программное обеспечение вычислительных машин, комплексов и компьютерных сетей","МиПОВМКиКС","","","20026","1-40 80 05"
"20382","Информатика и технологии разработки программного обеспечения","ИиТРПО","1","дневная","",""
"20382","Информатика и технологии разработки программного обеспечения","ИиТРПО","","","20026","1-40 81 01"
"20406","Информатика и технологии разработки программного обеспечения","ИиТРПО","2","заочная","",""
"20406","Информатика и технологии разработки программного обеспечения","ИиТРПО","","","20026","1-40 81 01"
"20212","Интеллектуальные вычислительные комплексы, системы и компьютерные сети","ИВКСиСКС","1","дневная","",""
"20212","Интеллектуальные вычислительные комплексы, системы и компьютерные сети","ИВКСиСКС","","","20054","1-40 81 02"
"20384","Искусственный интеллект","ИИ","1","дневная","",""
"20384","Искусственный интеллект","ИИ","","","20005","1-40 81 03"
"20408","Искусственный интеллект","ИИ","2","заочная","",""
"20408","Искусственный интеллект","ИИ","","","20005","1-40 81 03"
"20370","Твердотельная электроника, радиоэлектронные компоненты, микро- и наноэлектроника, приборы на квантовых эффектах","ТЭРКМНПКЭ","1","дневная","",""
"20370","Твердотельная электроника, радиоэлектронные компоненты, микро- и наноэлектроника, приборы на квантовых эффектах","ТЭРКМНПКЭ","","","20035","1-41 80 01"
"20394","Твердотельная электроника, радиоэлектронные компоненты, микро- и наноэлектроника, приборы на квантовых эффектах","ТЭРКМНПКЭ","2","заочная","",""
"20394","Твердотельная электроника, радиоэлектронные компоненты, микро- и наноэлектроника, приборы на квантовых эффектах","ТЭРКМНПКЭ","","","20035","1-41 80 01"
"20371","Технология и оборудование для производства полупроводников, материалов и приборов электронной техники","ТиОППМиПЭТ","1","дневная","",""
"20371","Технология и оборудование для производства полупроводников, материалов и приборов электронной техники","ТиОППМиПЭТ","","","20017","1-41 80 02"
"20395","Технология и оборудование для производства полупроводников, материалов и приборов электронной техники","ТиОППМиПЭТ","2","заочная","",""
"20395","Технология и оборудование для производства полупроводников, материалов и приборов электронной техники","ТиОППМиПЭТ","","","20017","1-41 80 02"
"20372","Нанотехнологии и наноматериалы (в электронике)","НиНвЭ","1","дневная","",""
"20372","Нанотехнологии и наноматериалы (в электронике)","НиНвЭ","","","20035","1-41 80 03"
"20396","Нанотехнологии и наноматериалы (в электронике)","НиНвЭ","2","заочная","",""
"20396","Нанотехнологии и наноматериалы (в электронике)","НиНвЭ","","","20035","1-41 80 03"
"20373","Системы, сети и устройства телекоммуникаций","ССиУТ","1","дневная","",""
"20373","Системы, сети и устройства телекоммуникаций","ССиУТ","","","20040","1-45 80 01"
"20397","Системы, сети и устройства телекоммуникаций","ССиУТ","2","заочная","",""
"20397","Системы, сети и устройства телекоммуникаций","ССиУТ","","","20040","1-45 80 01"
"20387","Инфокоммуникационные системы и сети","ИСиС","1","дневная","",""
"20387","Инфокоммуникационные системы и сети","ИСиС","","","20040","1-45 81 01"
"20411","Инфокоммуникационные системы и сети","ИСиС","2","заочная","",""
"20411","Инфокоммуникационные системы и сети","ИСиС","","","20040","1-45 81 01"
"20374","Телекоммуникационные системы и компьютерные сети","ТСиКС","1","дневная","",""
"20374","Телекоммуникационные системы и компьютерные сети","ТСиКС","","","20040","1-45 80 02"
"20398","Телекоммуникационные системы и компьютерные сети","ТСиКС","2","заочная","",""
"20398","Телекоммуникационные системы и компьютерные сети","ТСиКС","","","20040","1-45 80 02"
"20375","Автоматизация и управление технологическими процессами и производствами (по отраслям) (кроме лесного хозяйства, химической промышленности, легкой промышленности, пищевой промышленности, промышленности строительных материалов)","АиУТПиП","1","дневная","",""
"20375","Автоматизация и управление технологическими процессами и производствами (по отраслям) (кроме лесного хозяйства, химической промышленности, легкой промышленности, пищевой промышленности, промышленности строительных материалов)","АиУТПиП","","","20005","1-53 80 01"
"20399","Автоматизация и управление технологическими процессами и производствами (по отраслям) (кроме лесного хозяйства, химической промышленности, легкой промышленности, пищевой промышленности, промышленности строительных материалов)","АиУТПиП","2","заочная","",""
"20399","Автоматизация и управление технологическими процессами и производствами (по отраслям) (кроме лесного хозяйства, химической промышленности, легкой промышленности, пищевой промышленности, промышленности строительных материалов)","АиУТПиП","","","20005","1-53 80 01"
"20376","Охрана труда","ОТ","1","дневная","",""
"20376","Охрана труда","ОТ","","","20017","1-59 80 01"
"20400","Охрана труда","ОТ","2","заочная","",""
"20400","Охрана труда","ОТ","","","20017","1-59 80 01"
"20388","Управление безопасностью производственных процессов","УБПП","1","дневная","",""
"20388","Управление безопасностью производственных процессов","УБПП","","","20017","1-59 81 01"
"20412","Управление безопасностью производственных процессов","УБПП","2","заочная","",""
"20412","Управление безопасностью производственных процессов","УБПП","","","20017","1-59 81 01"
"20377","Предупреждение и ликвидация чрезвычайных ситуаций","ПиЛЧС","1","дневная","",""
"20377","Предупреждение и ликвидация чрезвычайных ситуаций","ПиЛЧС","","","20017","1-94 80 01"
"20401","Предупреждение и ликвидация чрезвычайных ситуаций","ПиЛЧС","2","заочная","",""
"20401","Предупреждение и ликвидация чрезвычайных ситуаций","ПиЛЧС","","","20017","1-94 80 01"
"20378","Методы и системы защиты информации, информационная безопасность","МиСЗИИБ","1","дневная","",""
"20378","Методы и системы защиты информации, информационная безопасность","МиСЗИИБ","","","20040","1-98 80 01"
"20402","Методы и системы защиты информации, информационная безопасность","МиСЗИИБ","2","заочная","",""
"20402","Методы и системы защиты информации, информационная безопасность","МиСЗИИБ","","","20040","1-98 80 01"
"20163","Радиотехника, в том числе системы и устройства радионавигации, радиолокации и телевидения","РТСиУРРиТ","1","дневная","",""
"20163","Радиотехника, в том числе системы и устройства радионавигации, радиолокации и телевидения","РТСиУРРиТ","","","20035","1-39 80 02"
"20164","Радиотехника, в том числе системы и устройства радионавигации, радиолокации и телевидения","РТСиУРРиТ","2","заочная","",""
"20164","Радиотехника, в том числе системы и устройства радионавигации, радиолокации и телевидения","РТСиУРРиТ","","","20035","1-39 80 02"
"20200","Телекоммуникационные системы и компьютерные сети","ТСиКС (иностр.)","1","дневная","",""
"20200","Телекоммуникационные системы и компьютерные сети","ТСиКС (иностр.)","","","20040","1-45 80 02"
"20201","Методы и системы защиты информации, информационная безопасность","МиСЗИИБ (иностр.)","1","дневная","",""
"20201","Методы и системы защиты информации, информационная безопасность","МиСЗИИБ (иностр.)","","","20040","1-98 80 01"
"20203","Информационные системы и технологии (по направлениям)","ИСиТ(в ИИ)","1","дневная","",""
"20203","Информационные системы и технологии (по направлениям)","ИСиТ(в ИИ)","","","20005","1-40 05 01"
"20223","Оптические и оптико-электронные приборы и комплексы","ОиОЭПиК","1","дневная","",""
"20223","Оптические и оптико-электронные приборы и комплексы","ОиОЭПиК","","","20017","1-38 80 02"
"20224","Оптические и оптико-электронные приборы и комплексы","ОиОЭПиК","2","заочная","",""
"20224","Оптические и оптико-электронные приборы и комплексы","ОиОЭПиК","","","20054","1-38 80 02"
"20379","Аппаратное и программно-техническое обеспечение информационной безопасности","АиПТОИБ","1","дневная","",""
"20379","Аппаратное и программно-техническое обеспечение информационной безопасности","АиПТОИБ","","","20035","1-98 80 03"
"20403","Аппаратное и программно-техническое обеспечение информационной безопасности","АиПТОИБ","2","заочная","",""
"20403","Аппаратное и программно-техническое обеспечение информационной безопасности","АиПТОИБ","","","20035","1-98 80 03"
"20234","Информационные технологии и управление в технических системах *","ИТиУвТС (ВГКС)","2","заочная","",""
"20234","Информационные технологии и управление в технических системах *","ИТиУвТС (ВГКС)","","","20033","1-53 01 07"
"20238","Информационные технологии и управление в технических системах **","ИТиУвТС (ПОИТ)","2","заочная","",""
"20238","Информационные технологии и управление в технических системах **","ИТиУвТС (ПОИТ)","","","20033","1-53 01 07"
"20240","Информационные системы и технологии (в экономике)*","ИСиТ(вЭ) (из ВГПК)","2","заочная","",""
"20240","Информационные системы и технологии (в экономике)*","ИСиТ(вЭ) (из ВГПК)","","","20033","1-40 05 01-02"
"20241","Промышленная электроника*","ПЭ (ПОИТ)","2","заочная","",""
"20241","Промышленная электроника*","ПЭ (ПОИТ)","","","20033","1-36 04 02"
"20243","Профессиональное обучение (по направлениям)","ПО (РЭл)","1","дневная","",""
"20243","Профессиональное обучение (по направлениям)","ПО (РЭл)","","","20035","1-08 01 01-02"
"20546","Профессиональное обучение (по направлениям)","ПО (Информатика)","2","заочная","",""
"20546","Профессиональное обучение (по направлениям)","ПО (Информатика)","","","20035","1-08 01 01"
"20245","Профессиональное обучение (по направлениям)","ПО (ЭиУ)","1","дневная","",""
"20245","Профессиональное обучение (по направлениям)","ПО (ЭиУ)","","","20035","1-08 01 01-08"
"20244","Профессиональное обучение (по направлениям)","ПО (Информатика) (интегр.)","1","дневная","",""
"20244","Профессиональное обучение (по направлениям)","ПО (Информатика) (интегр.)","","","20035","1-08 01 01"
"20246","Профессиональное обучение (по направлениям)","ПО (Информатика) (интегр.)","1","дневная","",""
"20246","Профессиональное обучение (по направлениям)","ПО (Информатика) (интегр.)","","","20035","1-08 01 01"
"20247","Профессиональное обучение (радиоэлектроника) (интегрированный)","ПО (РЭл) (Инт)","1","дневная","",""
"20247","Профессиональное обучение (радиоэлектроника) (интегрированный)","ПО (РЭл) (Инт)","","","20035","1-08 01 01-02"
"20248","Профессиональное обучение (экономика и управление) (интегрированный)","ПО (ЭиУ) (Инт)","1","дневная","",""
"20248","Профессиональное обучение (экономика и управление) (интегрированный)","ПО (ЭиУ) (Инт)","","","20035","1-08 01 01-08"
"20250","Вычислительные машины, системы и сети (Программное обеспечение информационных технологий)","ВМСиС (ПОИТ)","4","вечерняя","",""
"20250","Вычислительные машины, системы и сети (Программное обеспечение информационных технологий)","ВМСиС (ПОИТ)","","","20033","1-40 02 01"
"20254","Радиоэлектроника и техника","РЭИТ","1","дневная","",""
"20254","Радиоэлектроника и техника","РЭИТ","","","20035","1-1-1-11"
"20256","Слушатели ПО (иранцы)","СлПО(ближ.)","1","дневная","",""
"20256","Слушатели ПО (иранцы)","СлПО(ближ.)","","","20002","1-20 50 50"
"20255","Слушатели ПО (дальнее зарубе)","СлПО(даль.)","1","дневная","",""
"20255","Слушатели ПО (дальнее зарубе)","СлПО(даль.)","","","20002","1-20 50 50"
"20257","Информационные системы (каз)","ИС(каз)","1","дневная","",""
"20257","Информационные системы (каз)","ИС(каз)","","","20017","1-42 51 93"
"20260","Радиофизика","РФ","1","дневная","",""
"20260","Радиофизика","РФ","","","20055","01.04.03"
"20320","Радиофизика","РФ","2","заочная","",""
"20320","Радиофизика","РФ","","","20055","01.04.03"
"20261","Физическая электроника","ФЭ","1","дневная","",""
"20261","Физическая электроника","ФЭ","","","20055","01.04.04"
"20321","Физическая электроника","ФЭ","2","заочная","",""
"20321","Физическая электроника","ФЭ","","","20055","01.04.04"
"20262","Оптика","Оп","1","дневная","",""
"20262","Оптика","Оп","","","20055","01.04.05"
"20323","Оптика","Оп","2","заочная","",""
"20323","Оптика","Оп","","","20055","01.04.05"
"20278","Физика конденсированного состояния","ФКС","1","дневная","",""
"20278","Физика конденсированного состояния","ФКС","","","20055","01.04.07"
"20324","Физика конденсированного состояния","ФКС","2","заочная","",""
"20324","Физика конденсированного состояния","ФКС","","","20055","01.04.07"
"20280","Радиоизмерительные приборы","РИП","1","дневная","",""
"20280","Радиоизмерительные приборы","РИП","","","20055","05.11.08"
"20326","Радиоизмерительные приборы","РИП","2","заочная","",""
"20326","Радиоизмерительные приборы","РИП","","","20055","05.11.08"
"20281","Метрология и метрологическое обеспечение","МиМО","1","дневная","",""
"20281","Метрология и метрологическое обеспечение","МиМО","","","20055","05.11.15"
"20327","Метрология и метрологическое обеспечение","МиМО","2","заочная","",""
"20327","Метрология и метрологическое обеспечение","МиМО","","","20055","05.11.15"
"20283","Приборы, системы и изделия медицинского назначения","ПСиИМН","1","дневная","",""
"20283","Приборы, системы и изделия медицинского назначения","ПСиИМН","","","20055","05.11.17"
"20328","Приборы, системы и изделия медицинского назначения","ПСиИМН","2","заочная","",""
"20328","Приборы, системы и изделия медицинского назначения","ПСиИМН","","","20055","05.11.17"
"20284","Радиотехника, в том числе системы и устройства телевидения","РТ(СиУТ)","1","дневная","",""
"20284","Радиотехника, в том числе системы и устройства телевидения","РТ(СиУТ)","","","20055","05.12.04"
"20330","Радиотехника, в том числе системы и устройства телевидения","РТ(СиУТ)","2","заочная","",""
"20330","Радиотехника, в том числе системы и устройства телевидения","РТ(СиУТ)","","","20055","05.12.04"
"20285","Антенны, СВЧ устройства и их технологии","АСВЧУиТ","1","дневная","",""
"20285","Антенны, СВЧ устройства и их технологии","АСВЧУиТ","","","20055","05.12.07"
"20331","Антенны, СВЧ устройства и их технологии","АСВЧУиТ","2","заочная","",""
"20331","Антенны, СВЧ устройства и их технологии","АСВЧУиТ","","","20055","05.12.07"
"20286","Системы, сети и устройства телекоммуникаций","ССиУТК","1","дневная","",""
"20286","Системы, сети и устройства телекоммуникаций","ССиУТК","","","20055","05.12.13"
"20332","Системы, сети и устройства телекоммуникаций","ССиУТК","2","заочная","",""
"20332","Системы, сети и устройства телекоммуникаций","ССиУТК","","","20055","05.12.13"
"20269","Приборы, системы и изделия медицинского назначения","ПСиИМН","1","дневная","",""
"20269","Приборы, системы и изделия медицинского назначения","ПСиИМН","","","20062","05.11.17"
"20271","Радиотехника, в том числе системы и устройства и телевидения","РТ(СиУТ)","1","дневная","",""
"20271","Радиотехника, в том числе системы и устройства и телевидения","РТ(СиУТ)","","","20062","05.12.04"
"20270","Радиолокация и радионавигация","РЛиРН","1","дневная","",""
"20270","Радиолокация и радионавигация","РЛиРН","","","20062","05.12.14"
"20299","Радиолокация и радионавигация","РЛиРН","1","дневная","",""
"20299","Радиолокация и радионавигация","РЛиРН","","","20055","05.12.14"
"20333","Радиолокация и радионавигация","РЛиРН","2","заочная","",""
"20333","Радиолокация и радионавигация","РЛиРН","","","20055","05.12.14"
"20263","Антенны, СВЧ устройства и их технологии","АСВЧУииТ","1","дневная","",""
"20263","Антенны, СВЧ устройства и их технологии","АСВЧУииТ","","","20062","05.12.07"
"20273","Системы, сети и устройства телекоммуникаций","ССиУТ","1","дневная","",""
"20273","Системы, сети и устройства телекоммуникаций","ССиУТ","","","20062","05.12.13"
"20272","Системный анализ, управление и обработка информации","САУиОИ","1","дневная","",""
"20272","Системный анализ, управление и обработка информации","САУиОИ","","","20062","05.13.01"
"20301","Системный анализ, управление и обработка информации","САУиОИ","1","дневная","",""
"20301","Системный анализ, управление и обработка информации","САУиОИ","","","20055","05.13.01"
"20334","Системный анализ, управление и обработка информации","САУиОИ","2","заочная","",""
"20334","Системный анализ, управление и обработка информации","САУиОИ","","","20055","05.13.01"
"20277","Элементы и устройства вычислительной техники и систем управления","ЭиУВТиСУ","1","дневная","",""
"20277","Элементы и устройства вычислительной техники и систем управления","ЭиУВТиСУ","","","20062","05.13.05"
"20302","Элементы и устройства вычислительной техники и систем управления","ЭиУВТиСУ","1","дневная","",""
"20302","Элементы и устройства вычислительной техники и систем управления","ЭиУВТиСУ","","","20055","05.13.05"
"20335","Элементы и устройства вычислительной техники и систем управления","ЭиУВТиСУ","2","заочная","",""
"20335","Элементы и устройства вычислительной техники и систем управления","ЭиУВТиСУ","","","20055","05.13.05"
"20265","Математическое и программное обеспечение вычислительных машин, комплексов и компьютерных сетей","МиПОВМКиКС","1","дневная","",""
"20265","Математическое и программное обеспечение вычислительных машин, комплексов и компьютерных сетей","МиПОВМКиКС","","","20062","05.13.11"
"20305","Математическое и программное обеспечение вычислительных машин, комплексов и компьютерных сетей","МиПОВМКиКС","1","дневная","",""
"20305","Математическое и программное обеспечение вычислительных машин, комплексов и компьютерных сетей","МиПОВМКиКС","","","20055","05.13.11"
"20338","Математическое и программное обеспечение вычислительных машин, комплексов и компьютерных сетей","МиПОВМКиКС","2","заочная","",""
"20338","Математическое и программное обеспечение вычислительных машин, комплексов и компьютерных сетей","МиПОВМКиКС","","","20055","05.13.11"
"20264","Вычислительные машины, комплексы и компьютерные сети","ВМКиКС","1","дневная","",""
"20264","Вычислительные машины, комплексы и компьютерные сети","ВМКиКС","","","20062","05.13.15"
"20275","Теоретические основы информатики","ТОИ","1","дневная","",""
"20275","Теоретические основы информатики","ТОИ","","","20062","05.13.17"
"20266","Математическое моделирование, численные методы и комплексы программ","ММЧМиКП","1","дневная","",""
"20266","Математическое моделирование, численные методы и комплексы программ","ММЧМиКП","","","20062","05.13.18"
"20310","Математическое моделирование, численные методы и комплексы программ","ММЧМиКП","1","дневная","",""
"20310","Математическое моделирование, численные методы и комплексы программ","ММЧМиКП","","","20055","05.13.18"
"20342","Математическое моделирование, численные методы и комплексы программ","ММЧМиКП","2","заочная","",""
"20342","Математическое моделирование, численные методы и комплексы программ","ММЧМиКП","","","20055","05.13.18"
"20267","Методы и системы защиты информации, информационная безопасность","МиСЗИИБ","1","дневная","",""
"20267","Методы и системы защиты информации, информационная безопасность","МиСЗИИБ","","","20062","05.13.19"
"20268","Нанотехнологии и наноматериалы (в электронике) (техническая  и физико-математическая отрасли науки)","НиНЭ (ФМТН)","1","дневная","",""
"20268","Нанотехнологии и наноматериалы (в электронике) (техническая  и физико-математическая отрасли науки)","НиНЭ (ФМТН)","","","20062","05.16.08"
"20274","Твердотельная электроника, радиоэлектронные компоненты, микро и наноэлектроника, приборы на квантовых эффектах","ТЭРКМиНПнКЭ","1","дневная","",""
"20274","Твердотельная электроника, радиоэлектронные компоненты, микро и наноэлектроника, приборы на квантовых эффектах","ТЭРКМиНПнКЭ","","","20062","05.27.01"
"20276","Технология и оборудование для производства полупроводников, материалов и приборов электронной техники","ТиОППМиПЭТ","1","дневная","",""
"20276","Технология и оборудование для производства полупроводников, материалов и приборов электронной техники","ТиОППМиПЭТ","","","20062","05.27.06"
"20279","Теоретическая электротехника","ТЭ","1","дневная","",""
"20279","Теоретическая электротехника","ТЭ","","","20055","05.09.05"
"20308","Теоретическая электротехника","ТЭ","1","дневная","",""
"20308","Теоретическая электротехника","ТЭ","","","20055","05.09.05"
"20325","Теоретическая электротехника","ТЭ","2","заочная","",""
"20325","Теоретическая электротехника","ТЭ","","","20055","05.09.05"
"20383","Технологии виртуализации и облачных вычислений","ТВиОВ","1","дневная","",""
"20383","Технологии виртуализации и облачных вычислений","ТВиОВ","","","20026","1-40 81 02"
"20407","Технологии виртуализации и облачных вычислений","ТВиОВ","2","заочная","",""
"20407","Технологии виртуализации и облачных вычислений","ТВиОВ","","","20026","1-40 81 02"
"20385","Обработка больших объемов информации","ОБОИ","1","дневная","",""
"20385","Обработка больших объемов информации","ОБОИ","","","20026","1-40 81 04"
"20409","Обработка больших объемов информации","ОБОИ","2","заочная","",""
"20409","Обработка больших объемов информации","ОБОИ","","","20026","1-40 81 04"
"20289","Антенны, СВЧ устройства и их технологии","АСВЧУииТ","1","дневная","",""
"20289","Антенны, СВЧ устройства и их технологии","АСВЧУииТ","","","20035","1-39 80 01"
"20290","Антенны, СВЧ устройства и их технологии","АСВЧУииТ","2","заочная","",""
"20290","Антенны, СВЧ устройства и их технологии","АСВЧУииТ","","","20035","1-39 80 01"
"20293","Радиофизика","Радиофизика","1","дневная","",""
"20293","Радиофизика","Радиофизика","","","20054","1-31 80 07"
"20294","Радиофизика","Радиофизика","2","заочная","",""
"20294","Радиофизика","Радиофизика","","","20054","1-31 80 07"
"20295","Прикладная математика и информатика","ПМиИ","1","дневная","",""
"20295","Прикладная математика и информатика","ПМиИ","","","20054","1-31 80 09"
"20296","Прикладная математика и информатика","ПМиИ","2","заочная","",""
"20296","Прикладная математика и информатика","ПМиИ","","","20054","1-31 80 09"
"20297","Радиотехника, электроника и телекоммуникации","РЭиТК","1","дневная","",""
"20297","Радиотехника, электроника и телекоммуникации","РЭиТК","","","20035","22222222"
"20303","Автоматизация и управление технологическими процессами и производствами","АиУТПиП","1","дневная","",""
"20303","Автоматизация и управление технологическими процессами и производствами","АиУТПиП","","","20055","05.13.06"
"20336","Автоматизация и управление технологическими процессами и производствами","АиУТПиП","2","заочная","",""
"20336","Автоматизация и управление технологическими процессами и производствами","АиУТПиП","","","20055","05.13.06"
"20304","Управление в социальных и экономических системах (технические науки)","УвСиЭС (тн)","1","дневная","",""
"20304","Управление в социальных и экономических системах (технические науки)","УвСиЭС (тн)","","","20055","05.13.10"
"20337","Управление в социальных и экономических системах (технические науки)","УвСиЭС (тн)","2","заочная","",""
"20337","Управление в социальных и экономических системах (технические науки)","УвСиЭС (тн)","","","20055","05.13.10"
"20306","Системы автоматизации проектирования","САП","1","дневная","",""
"20306","Системы автоматизации проектирования","САП","","","20055","05.13.12"
"20339","Системы автоматизации проектирования","САП","2","заочная","",""
"20339","Системы автоматизации проектирования","САП","","","20055","05.13.12"
"20307","Вычислительные машины, комплексы и компьютерные сети","ВМКиКС","1","дневная","",""
"20307","Вычислительные машины, комплексы и компьютерные сети","ВМКиКС","","","20055","05.13.15"
"20340","Вычислительные машины, комплексы и компьютерные сети","ВМКиКС","2","заочная","",""
"20340","Вычислительные машины, комплексы и компьютерные сети","ВМКиКС","","","20055","05.13.15"
"20309","Теоретические основы информатики","ТОИ","1","дневная","",""
"20309","Теоретические основы информатики","ТОИ","","","20055","05.13.17"
"20341","Теоретические основы информатики","ТОИ","2","заочная","",""
"20341","Теоретические основы информатики","ТОИ","","","20055","05.13.17"
"20311","Методы и системы защиты информации, информационная безопасность","МиСЗИИБ","1","дневная","",""
"20311","Методы и системы защиты информации, информационная безопасность","МиСЗИИБ","","","20055","05.13.19"
"20343","Методы и системы защиты информации, информационная безопасность","МиСЗИИБ","2","заочная","",""
"20343","Методы и системы защиты информации, информационная безопасность","МиСЗИИБ","","","20055","05.13.19"
"20312","Нанотехнологии и наноматериалы (в электронике) (физико-математические технические науки)","НиНЭ (ФМТН)","1","дневная","",""
"20312","Нанотехнологии и наноматериалы (в электронике) (физико-математические технические науки)","НиНЭ (ФМТН)","","","20055","05.16.08"
"20344","Нанотехнологии и наноматериалы (в электронике) (физико-математические технические науки)","НиНЭ (ФМТН)","2","заочная","",""
"20344","Нанотехнологии и наноматериалы (в электронике) (физико-математические технические науки)","НиНЭ (ФМТН)","","","20055","05.16.08"
"20313","Охрана труда","ОТ","1","дневная","",""
"20313","Охрана труда","ОТ","","","20055","05.26.01"
"20345","Охрана труда","ОТ","2","заочная","",""
"20345","Охрана труда","ОТ","","","20055","05.26.01"
"20314","Безопасность в чрезвычайных ситуациях","БвЧС","1","дневная","",""
"20314","Безопасность в чрезвычайных ситуациях","БвЧС","","","20055","05.26.02"
"20346","Безопасность в чрезвычайных ситуациях","БвЧС","2","заочная","",""
"20346","Безопасность в чрезвычайных ситуациях","БвЧС","","","20055","05.26.02"
"20315","Твердотельная электроника, радиоэлектронные компоненты, микро и наноэлектроника, приборы на квантовых эффектах","ТЭРКМНПКЭ","1","дневная","",""
"20315","Твердотельная электроника, радиоэлектронные компоненты, микро и наноэлектроника, приборы на квантовых эффектах","ТЭРКМНПКЭ","","","20055","05.27.01"
"20347","Твердотельная электроника, радиоэлектронные компоненты, микро и наноэлектроника, приборы на квантовых эффектах","ТЭРКМНПКЭ","2","заочная","",""
"20347","Твердотельная электроника, радиоэлектронные компоненты, микро и наноэлектроника, приборы на квантовых эффектах","ТЭРКМНПКЭ","","","20055","05.27.01"
"20316","Технология и оборудование для производства полупроводников, материалов и приборов электронной техники","ТиОППМиПЭТ","1","дневная","",""
"20316","Технология и оборудование для производства полупроводников, материалов и приборов электронной техники","ТиОППМиПЭТ","","","20055","05.27.06"
"20348","Технология и оборудование для производства полупроводников, материалов и приборов электронной техники","ТиОППМиПЭТ","2","заочная","",""
"20348","Технология и оборудование для производства полупроводников, материалов и приборов электронной техники","ТиОППМиПЭТ","","","20055","05.27.06"
"20317","Психология труда, инженерная психология, эргономика (технические науки)","ПТИПЭ","1","дневная","",""
"20317","Психология труда, инженерная психология, эргономика (технические науки)","ПТИПЭ","","","20055","19.00.03"
"20349","Психология труда, инженерная психология, эргономика (технические науки)","ПТИПЭ","2","заочная","",""
"20349","Психология труда, инженерная психология, эргономика (технические науки)","ПТИПЭ","","","20055","19.00.03"
"20318","Экономика и управление народным хозяйством","ЭиУНХ","1","дневная","",""
"20318","Экономика и управление народным хозяйством","ЭиУНХ","","","20055","08.00.05"
"20350","Экономика и управление народным хозяйством","ЭиУНХ","2","заочная","",""
"20350","Экономика и управление народным хозяйством","ЭиУНХ","","","20055","08.00.05"
"20319","Математические и инструментальные методы экономики","МиИМЭ","1","дневная","",""
"20319","Математические и инструментальные методы экономики","МиИМЭ","","","20055","08.00.13"
"20351","Математические и инструментальные методы экономики","МиИМЭ","2","заочная","",""
"20351","Математические и инструментальные методы экономики","МиИМЭ","","","20055","08.00.13"
"20251","Профессиональное обучение (по направлениям)","ПО (РЭл)","2","заочная","",""
"20251","Профессиональное обучение (по направлениям)","ПО (РЭл)","","","20034","1-08 01 01"
"20545","Профессиональное обучение (по направлениям)","ПО (РЭл)","2","заочная","",""
"20545","Профессиональное обучение (по направлениям)","ПО (РЭл)","","","20035","1-08 01 01"
"20252","Профессиональное обучение (по направлениям)","ПО (Информатика)","2","заочная","",""
"20252","Профессиональное обучение (по направлениям)","ПО (Информатика)","","","20034","1-08 01 01"
"20253","Профессиональное обучение (по направлениям)","ПО (ЭиУ)","2","заочная","",""
"20253","Профессиональное обучение (по направлениям)","ПО (ЭиУ)","","","20034","1-08 01 01-08"
"20353","Инженерная геометрия и компьютерная графика","ИГиКГ","1","дневная","",""
"20353","Инженерная геометрия и компьютерная графика","ИГиКГ","","","20017","1-36 80 08"
"20354","Инженерная геометрия и компьютерная графика","ИГиКГ","2","заочная","",""
"20354","Инженерная геометрия и компьютерная графика","ИГиКГ","","","20017","1-36 80 08"
"20386","Информационно-коммуникационные технологии в экономике","ИКТвЭ","1","дневная","",""
"20386","Информационно-коммуникационные технологии в экономике","ИКТвЭ","","","20012","1-40 81 05"
"20410","Информационно-коммуникационные технологии в экономике","ИКТвЭ","2","заочная","",""
"20410","Информационно-коммуникационные технологии в экономике","ИКТвЭ","","","20012","1-40 81 05"
"20361","Экономика электронного бизнеса","ЭЭБ (иностр.)","3","дистанционная","",""
"20361","Экономика электронного бизнеса","ЭЭБ (иностр.)","","","20034","1-28 01 01"
"20564","Экономика электронного бизнеса","ЭЭБ (иностр.)","3","дистанционная","",""
"20564","Экономика электронного бизнеса","ЭЭБ (иностр.)","","","20012","1-28 01 01"
"20588","Экономика электронного бизнеса","ЭЭБ (иностр.)","1","дневная","",""
"20588","Экономика электронного бизнеса","ЭЭБ (иностр.)","","","20012","1-28 01 01"
"20066","Программное обеспечение информационных технологий*","ПОИТ*","3","дистанционная","",""
"20066","Программное обеспечение информационных технологий*","ПОИТ*","","","20034","1-40 01 01"
"20362","Информатика и технологии программирования","ИиТП (иностр.)","3","дистанционная","",""
"20362","Информатика и технологии программирования","ИиТП (иностр.)","","","20034","1-40 04 01"
"20554","Информатика и технологии программирования","ИиТП (иностр.)","3","дистанционная","",""
"20554","Информатика и технологии программирования","ИиТП (иностр.)","","","20026","1-40 04 01"
"20415","Проектирование и производство радиоэлектронных средств","ПиПРЭС (9 класс)","1","дневная","",""
"20415","Проектирование и производство радиоэлектронных средств","ПиПРЭС (9 класс)","","","20063","2-39 02 32"
"20416","Программируемые мобильные системы","ПМС (9 класс)","1","дневная","",""
"20416","Программируемые мобильные системы","ПМС (9 класс)","","","20063","2-39 03 02"
"20421","Техническая эксплуатация радиоэлектронных средств","ТЭРЭС (9 класс)","1","дневная","",""
"20421","Техническая эксплуатация радиоэлектронных средств","ТЭРЭС (9 класс)","","","20063","2-39 02 31"
"20419","Программное обеспечение информационных технологий","ПОИТ (9 класс)","1","дневная","",""
"20419","Программное обеспечение информационных технологий","ПОИТ (9 класс)","","","20063","2-40 01 01"
"20422","Электронные вычислительные средства","ЭВС (9 класс)","1","дневная","",""
"20422","Электронные вычислительные средства","ЭВС (9 класс)","","","20063","2-40 02 02"
"20417","Микро- и наноэлектронные технологии и системы","МиНЭТиС (9 класс)","1","дневная","",""
"20417","Микро- и наноэлектронные технологии и системы","МиНЭТиС (9 класс)","","","20063","2-41 01 02"
"20418","Программное обеспечение информационных технологий","ПОИТ (11 класс)","1","дневная","",""
"20418","Программное обеспечение информационных технологий","ПОИТ (11 класс)","","","20063","2-40 01 01"
"20420","Проектирование и производство радиоэлектронных средств","ПиПРЭС (11 класс)","1","дневная","",""
"20420","Проектирование и производство радиоэлектронных средств","ПиПРЭС (11 класс)","","","20063","2-39 02 32"
"20426","Электронный Маркетинг*","ЭМ*","3","дистанционная","",""
"20426","Электронный Маркетинг*","ЭМ*","","","20034","1-28 01 02"
"20487","Инфокоммуникационные технологии (по направлениям)","ИКТ(СРМИ) (иностр.)","1","дневная","",""
"20487","Инфокоммуникационные технологии (по направлениям)","ИКТ(СРМИ) (иностр.)","","","20040","1-45 01 01"
"20488","Системы, сети и устройства телекоммуникаций","ССиУТ (иностр.)","1","дневная","",""
"20488","Системы, сети и устройства телекоммуникаций","ССиУТ (иностр.)","","","20040","1-45 80 01"
"20489","Инфокоммуникационные системы (по направлениям)","ИКС(ССКП) (иностр.)","1","дневная","",""
"20489","Инфокоммуникационные системы (по направлениям)","ИКС(ССКП) (иностр.)","","","20040","1-45 01 02"
"20491","Инфокоммуникационные технологии (по направлениям)","ИКТ(СТК) (иностр.)","1","дневная","",""
"20491","Инфокоммуникационные технологии (по направлениям)","ИКТ(СТК) (иностр.)","","","20040","1-45 01 01"
"20492","Программное обеспечение информационных технологий","ПОИТ (интегр.)","1","дневная","",""
"20492","Программное обеспечение информационных технологий","ПОИТ (интегр.)","","","20026","1-40 01 01"
"20493","Радиоинформатика","РИ интегр.","1","дневная","",""
"20493","Радиоинформатика","РИ интегр.","","","20035","1-39 01 03"
"20494","Инфокоммуникационные технологии (по направлениям)","ИКТ(ЦТРВ) (интегр.)","1","дневная","",""
"20494","Инфокоммуникационные технологии (по направлениям)","ИКТ(ЦТРВ) (интегр.)","","","20040","1-45 01 01"
"20495","Проектирование и производство программно-управляемых электронных средств","ПиППУЭС интегр.","1","дневная","",""
"20495","Проектирование и производство программно-управляемых электронных средств","ПиППУЭС интегр.","","","20017","1-39 02 02"
"20496","Инженерно-психологическое обеспечение информационных технологий","ИПОИТ интегр.","1","дневная","",""
"20496","Инженерно-психологическое обеспечение информационных технологий","ИПОИТ интегр.","","","20017","1-58 01 01"
"20497","Системный анализ, управление и обработка информации (по отраслям)","САУиОИ (САиУвТС)","2","заочная","",""
"20497","Системный анализ, управление и обработка информации (по отраслям)","САУиОИ (САиУвТС)","","","20005","1-40 80 02"
"20498","Системный анализ, управление и обработка информации (по отраслям)","САУиОИ (ТКИ)","2","заочная","",""
"20498","Системный анализ, управление и обработка информации (по отраслям)","САУиОИ (ТКИ)","","","20005","1-40 80 02"
"20499","Охрана труда и эргономика","ОТиЭ (УБПП)","2","заочная","",""
"20499","Охрана труда и эргономика","ОТиЭ (УБПП)","","","20017","1-59 80 01"
"20530","Охрана труда и эргономика","ОТиЭ (УБПП)","1","дневная","",""
"20530","Охрана труда и эргономика","ОТиЭ (УБПП)","","","20017","1-59 80 01"
"20500","Психология","П (ПТИПЭ)","2","заочная","",""
"20500","Психология","П (ПТИПЭ)","","","20017","1-23 80 03"
"20503","Психология","П (ПТИПЭ)","1","дневная","",""
"20503","Психология","П (ПТИПЭ)","","","20017","1-23 80 03"
"20501","Электронные системы и технологии","ЭСиТ (КТПЭС)","2","заочная","",""
"20501","Электронные системы и технологии","ЭСиТ (КТПЭС)","","","20017","1-39 80 03"
"20515","Электронные системы и технологии","ЭСиТ (КТПЭС)","1","дневная","",""
"20515","Электронные системы и технологии","ЭСиТ (КТПЭС)","","","20017","1-39 80 03"
"20502","Радиосистемы и радиотехнологии","РСиРТ","2","заочная","",""
"20502","Радиосистемы и радиотехнологии","РСиРТ","","","20035","1-39 80 01"
"20517","Радиосистемы и радиотехнологии","РСиРТ","1","дневная","",""
"20517","Радиосистемы и радиотехнологии","РСиРТ","","","20035","1-39 80 01"
"20504","Искусственный интеллект","ИИ","2","заочная","",""
"20504","Искусственный интеллект","ИИ","","","20005","1-40 80 06"
"20520","Искусственный интеллект","ИИ","1","дневная","",""
"20520","Искусственный интеллект","ИИ","","","20005","1-40 80 06"
"20505","Компьютерная инженерия","КИ (ВС)","2","заочная","",""
"20505","Компьютерная инженерия","КИ (ВС)","","","20026","1-40 80 01"
"20521","Компьютерная инженерия","КИ (ВС)","1","дневная","",""
"20521","Компьютерная инженерия","КИ (ВС)","","","20026","1-40 80 01"
"20506","Компьютерная инженерия","КИ (ХиОД)","2","заочная","",""
"20506","Компьютерная инженерия","КИ (ХиОД)","","","20026","1-40 80 01"
"20522","Компьютерная инженерия","КИ (ХиОД)","1","дневная","",""
"20522","Компьютерная инженерия","КИ (ХиОД)","","","20026","1-40 80 01"
"20507","Информатика и технологии программирования","ИиТП (ОБОИ)","2","заочная","",""
"20507","Информатика и технологии программирования","ИиТП (ОБОИ)","","","20026","1-40 80 04"
"20523","Информатика и технологии программирования","ИиТП (ОБОИ)","1","дневная","",""
"20523","Информатика и технологии программирования","ИиТП (ОБОИ)","","","20026","1-40 80 04"
"20508","Программная инженерия","ПИ","2","заочная","",""
"20508","Программная инженерия","ПИ","","","20026","1-40 80 05"
"20524","Программная инженерия","ПИ","1","дневная","",""
"20524","Программная инженерия","ПИ","","","20026","1-40 80 05"
"20509","Системы и сети инфокоммуникаций","ССИ (ИКТ)","2","заочная","",""
"20509","Системы и сети инфокоммуникаций","ССИ (ИКТ)","","","20040","1-45 80 01"
"20525","Системы и сети инфокоммуникаций","ССИ (ИКТ)","1","дневная","",""
"20525","Системы и сети инфокоммуникаций","ССИ (ИКТ)","","","20040","1-45 80 01"
"20510","Информационная безопасность","ИБ (ЗИвИС)","2","заочная","",""
"20510","Информационная безопасность","ИБ (ЗИвИС)","","","20040","1-98 80 01"
"20526","Информационная безопасность","ИБ (ЗИвИС)","1","дневная","",""
"20526","Информационная безопасность","ИБ (ЗИвИС)","","","20040","1-98 80 01"
"20511","Электронная экономика","ЭЭ (ИТиИМЭЭ)","2","заочная","",""
"20511","Электронная экономика","ЭЭ (ИТиИМЭЭ)","","","20012","1-40 80 07"
"20527","Электронная экономика","ЭЭ (ИТиИМЭЭ)","1","дневная","",""
"20527","Электронная экономика","ЭЭ (ИТиИМЭЭ)","","","20012","1-40 80 07"
"20512","Электронная экономика","ЭЭ (УЭБ)","2","заочная","",""
"20512","Электронная экономика","ЭЭ (УЭБ)","","","20012","1-40 80 07"
"20528","Электронная экономика","ЭЭ (УЭБ)","1","дневная","",""
"20528","Электронная экономика","ЭЭ (УЭБ)","","","20012","1-40 80 07"
"20513","Электронная экономика","ЭЭ (ЭМ)","2","заочная","",""
"20513","Электронная экономика","ЭЭ (ЭМ)","","","20012","1-40 80 07"
"20529","Электронная экономика","ЭЭ (ЭМ)","1","дневная","",""
"20529","Электронная экономика","ЭЭ (ЭМ)","","","20012","1-40 80 07"
"20514","Электронные системы и технологии","ЭСиТ (ИТПЭС)","1","дневная","",""
"20514","Электронные системы и технологии","ЭСиТ (ИТПЭС)","","","20017","1-39 80 03"
"20516","Электронные системы и технологии","ЭСиТ (МЭС)","1","дневная","",""
"20516","Электронные системы и технологии","ЭСиТ (МЭС)","","","20017","1-39 80 03"
"20518","Микро- и наноэлектроника","МиНЭ","1","дневная","",""
"20518","Микро- и наноэлектроника","МиНЭ","","","20035","1-41 80 01"
"20568","Микро- и наноэлектроника","МиНЭ","2","заочная","",""
"20568","Микро- и наноэлектроника","МиНЭ","","","20035","1-41 80 01"
"20519","Нанотехнологии и наноматериалы","НТиНМ","1","дневная","",""
"20519","Нанотехнологии и наноматериалы","НТиНМ","","","20035","1-41 80 03"
"20531","Информационная безопасность","ИБ (МиСЗИвИК) (иностр.)","1","дневная","",""
"20531","Информационная безопасность","ИБ (МиСЗИвИК) (иностр.)","","","20040","1-98 80 01"
"20532","Электронная экономика","ЭЭ (УЭБ) (иностр.)","2","заочная","",""
"20532","Электронная экономика","ЭЭ (УЭБ) (иностр.)","","","20012","1-40 80 07"
"20533","Системы и сети инфокоммуникаций","ССИ (ИКТ) (иностр.)","1","дневная","",""
"20533","Системы и сети инфокоммуникаций","ССИ (ИКТ) (иностр.)","","","20040","1-45 80 01"
"20534","Системный анализ, управление и обработка информации (по отраслям)","САУиОИ (без спец.)","1","дневная","",""
"20534","Системный анализ, управление и обработка информации (по отраслям)","САУиОИ (без спец.)","","","20005","1-40 80 02"
"20535","Системный анализ, управление и обработка информации (по отраслям)","САУиОИ (без спец.)","2","заочная","",""
"20535","Системный анализ, управление и обработка информации (по отраслям)","САУиОИ (без спец.)","","","20005","1-40 80 02"
"20536","Информационные системы и технологии (по направлениям) (без специализации)","ИСиТ(в ОПБ) (иностр.) (без спец.)","3","дистанционная","",""
"20536","Информационные системы и технологии (по направлениям) (без специализации)","ИСиТ(в ОПБ) (иностр.) (без спец.)","","","20034","1-40 05 01"
"20567","Информационные системы и технологии (по направлениям) (без специализации)","ИСиТ(в ОПБ) (иностр.) (без спец.)","3","дистанционная","",""
"20567","Информационные системы и технологии (по направлениям) (без специализации)","ИСиТ(в ОПБ) (иностр.) (без спец.)","","","20017","1-40 05 01"
"20538","Информационные системы и технологии (по направлениям)","ИСиТ(в БМ) (иностр.) (без спец.)","3","дистанционная","",""
"20538","Информационные системы и технологии (по направлениям)","ИСиТ(в БМ) (иностр.) (без спец.)","","","20034","1-40 05 01"
"20558","Информационные системы и технологии (по направлениям)","ИСиТ(в БМ) (иностр.) (без спец.)","3","дистанционная","",""
"20558","Информационные системы и технологии (по направлениям)","ИСиТ(в БМ) (иностр.) (без спец.)","","","20017","1-40 05 01"
"20537","Программное обеспечение информационных технологий","ПОИТ (иностр.)","3","дистанционная","",""
"20537","Программное обеспечение информационных технологий","ПОИТ (иностр.)","","","20034","1-40 01 01"
"20562","Программное обеспечение информационных технологий","ПОИТ (иностр.)","3","дистанционная","",""
"20562","Программное обеспечение информационных технологий","ПОИТ (иностр.)","","","20026","1-40 01 01"
"20584","Программное обеспечение информационных технологий","ПОИТ (иностр.)","1","дневная","",""
"20584","Программное обеспечение информационных технологий","ПОИТ (иностр.)","","","20026","1-40 01 01"
"20548","Электронный маркетинг","ЭМ (иностр.)","3","дистанционная","",""
"20548","Электронный маркетинг","ЭМ (иностр.)","","","20034","1-28 01 02"
"20566","Электронный маркетинг","ЭМ (иностр.)","3","дистанционная","",""
"20566","Электронный маркетинг","ЭМ (иностр.)","","","20012","1-28 01 02"
"20549","Программируемые мобильные системы","ПМС (иностр.)","3","дистанционная","",""
"20549","Программируемые мобильные системы","ПМС (иностр.)","","","20034","1-39 03 02"
"20560","Программируемые мобильные системы","ПМС (иностр.)","3","дистанционная","",""
"20560","Программируемые мобильные системы","ПМС (иностр.)","","","20017","1-39 03 02"
"20586","Программируемые мобильные системы","ПМС (иностр.)","1","дневная","",""
"20586","Программируемые мобильные системы","ПМС (иностр.)","","","20017","1-39 03 02"
"20570","Квантовые информационные системы","КИС интегр.","1","дневная","",""
"20570","Квантовые информационные системы","КИС интегр.","","","20035","1-41 01 03"
"20569","Радиоэлектронные системы","РЭС интегр.","1","дневная","",""
"20569","Радиоэлектронные системы","РЭС интегр.","","","20035","1-39 01 02"
"20571","Радиосистемы и радиотехнологии","РСиРТ (ИРТ)","1","дневная","",""
"20571","Радиосистемы и радиотехнологии","РСиРТ (ИРТ)","","","20035","1-39 80 01"
"20572","Радиосистемы и радиотехнологии","РСиРТ (ИРТ)","2","заочная","",""
"20572","Радиосистемы и радиотехнологии","РСиРТ (ИРТ)","","","20035","1-39 80 01"
"20573","Информатика и технологии программирования","ИиТП (ОБОИ) (иностр.)","1","дневная","",""
"20573","Информатика и технологии программирования","ИиТП (ОБОИ) (иностр.)","","","20026","1-40 80 04"
"20574","Инженерно-психологическое обеспечение информационных технологий","ИПОИТ (иностр.)","3","дистанционная","",""
"20574","Инженерно-психологическое обеспечение информационных технологий","ИПОИТ (иностр.)","","","20017","1-58 01 01"
"20575","ПО по технико-технологическим направлениям","технико-технологический","1","дневная","",""
"20575","ПО по технико-технологическим направлениям","технико-технологический","","","20002","1-20 50 50"
"20576","ПО по медицинскому, биологическому и др. направлениям","медицинский","1","дневная","",""
"20576","ПО по медицинскому, биологическому и др. направлениям","медицинский","","","20002","1-20 50 50"
"20577","ПО по курсу ""Русский язык как иностранный"" (614 часов)","РКИ 614","1","дневная","",""
"20577","ПО по курсу ""Русский язык как иностранный"" (614 часов)","РКИ 614","","","20002","1-20 50 50"
"20578","Информационные технологии и управление в технических системах","ИТиУвТС (иностр.)","1","дневная","",""
"20578","Информационные технологии и управление в технических системах","ИТиУвТС (иностр.)","","","20005","1-53 01 07"
"20585","Искусственный интеллект","ИИ (иностр.)","1","дневная","",""
"20585","Искусственный интеллект","ИИ (иностр.)","","","20005","1-40 03 01"
"20587","Искусственный интеллект","ИИ (иностр.)","3","дистанционная","",""
"20587","Искусственный интеллект","ИИ (иностр.)","","","20005","1-40 03 01"
"20589","Системный анализ, управление и обработка информации (промышленность)","САУиОИ","1","дневная","",""
"20589","Системный анализ, управление и обработка информации (промышленность)","САУиОИ","","","20062","05.13.01"
"20590","Математическое и программное обеспечение вычислительных машин, комплексов и компьютерных сетей","МиПОВМКиКС","1","дневная","",""
"20590","Математическое и программное обеспечение вычислительных машин, комплексов и компьютерных сетей","МиПОВМКиКС","","","20062","05.13.11"
"20591","Радиофизика","Радиофизика","1","дневная","",""
"20591","Радиофизика","Радиофизика","","","20062","01.04.03"
